פרופיל,id,ערך צבור
Regular,1000,0
student,1001,1
youth,1002,2
asoldier,1003,3
Veteran,1004,4
Regular,1005,5
student,1006,6
youth,1007,7
asoldier,1008,8
Veteran,1009,9
Regular,1010,10
student,1011,11
youth,1012,12
asoldier,1013,13
Veteran,1014,14
Regular,1015,15
student,1016,16
youth,1017,17
asoldier,1018,18
Veteran,1019,19
Regular,1020,20
student,1021,21
youth,1022,22
asoldier,1023,23
Veteran,1024,24
Regular,1025,25
student,1026,26
youth,1027,27
asoldier,1028,28
Veteran,1029,29
Regular,1030,30
student,1031,31
youth,1032,32
asoldier,1033,33
Veteran,1034,34
Regular,1035,35
student,1036,36
youth,1037,37
asoldier,1038,38
Veteran,1039,39
Regular,1040,40
student,1041,41
youth,1042,42
asoldier,1043,43
Veteran,1044,44
Regular,1045,45
student,1046,46
youth,1047,47
asoldier,1048,48
Veteran,1049,49
Regular,1050,50
student,1051,51
youth,1052,52
asoldier,1053,53
Veteran,1054,54
Regular,1055,55
student,1056,56
youth,1057,57
asoldier,1058,58
Veteran,1059,59
Regular,1060,60
student,1061,61
youth,1062,62
asoldier,1063,63
Veteran,1064,64
Regular,1065,65
student,1066,66
youth,1067,67
asoldier,1068,68
Veteran,1069,69
Regular,1070,70
student,1071,71
youth,1072,72
asoldier,1073,73
Veteran,1074,74
Regular,1075,75
student,1076,76
youth,1077,77
asoldier,1078,78
Veteran,1079,79
Regular,1080,80
student,1081,81
youth,1082,82
asoldier,1083,83
Veteran,1084,84
Regular,1085,85
student,1086,86
youth,1087,87
asoldier,1088,88
Veteran,1089,89
Regular,1090,90
student,1091,91
youth,1092,92
asoldier,1093,93
Veteran,1094,94
Regular,1095,95
student,1096,96
youth,1097,97
asoldier,1098,98
Veteran,1099,99
Regular,1100,100
student,1101,101
youth,1102,102
asoldier,1103,103
Veteran,1104,104
Regular,1105,105
student,1106,106
youth,1107,107
asoldier,1108,108
Veteran,1109,109
Regular,1110,110
student,1111,111
youth,1112,112
asoldier,1113,113
Veteran,1114,114
Regular,1115,115
student,1116,116
youth,1117,117
asoldier,1118,118
Veteran,1119,119
Regular,1120,120
student,1121,121
youth,1122,122
asoldier,1123,123
Veteran,1124,124
Regular,1125,125
student,1126,126
youth,1127,127
asoldier,1128,128
Veteran,1129,129
Regular,1130,130
student,1131,131
youth,1132,132
asoldier,1133,133
Veteran,1134,134
Regular,1135,135
student,1136,136
youth,1137,137
asoldier,1138,138
Veteran,1139,139
Regular,1140,140
student,1141,141
youth,1142,142
asoldier,1143,143
Veteran,1144,144
Regular,1145,145
student,1146,146
youth,1147,147
asoldier,1148,148
Veteran,1149,149
Veteran,1150,150
Regular,1151,151
student,1152,152
youth,1153,153
asoldier,1154,154
Veteran,1155,155
Regular,1156,156
student,1157,157
youth,1158,158
asoldier,1159,159
Veteran,1160,160
Veteran,1161,161
Regular,1162,162
student,1163,163
youth,1164,164
asoldier,1165,165
Veteran,1166,166
Regular,1167,167
student,1168,168
youth,1169,169
asoldier,1170,170
Veteran,1171,171
Veteran,1172,172
Regular,1173,173
student,1174,174
youth,1175,175
asoldier,1176,176
Veteran,1177,177
youth,1178,178
asoldier,1179,179
Veteran,1180,180
Regular,1181,181
student,1182,182
youth,1183,183
asoldier,1184,184
Veteran,1185,185
Regular,1186,186
student,1187,187
youth,1188,188
asoldier,1189,189
Veteran,1190,190
Regular,1191,191
student,1192,192
youth,1193,193
asoldier,1194,194
Veteran,1195,195
Veteran,1196,196
youth,1197,197
asoldier,1198,198
Veteran,1199,199
asoldier,1200,200
Veteran,1201,201
Regular,1202,202
student,1203,203
youth,1204,204
asoldier,1205,205
Veteran,1206,206
Regular,1207,207
student,1208,208
youth,1209,209
asoldier,1210,210
Veteran,1211,211
Regular,1212,212
student,1213,213
youth,1214,214
asoldier,1215,215
Veteran,1216,216
Regular,1217,217
student,1218,218
youth,1219,219
asoldier,1220,220
Veteran,1221,221
Regular,1222,222
student,1223,223
youth,1224,224
asoldier,1225,225
Veteran,1226,226
Regular,1227,227
student,1228,228
youth,1229,229
asoldier,1230,230
Veteran,1231,231
Regular,1232,232
student,1233,233
youth,1234,234
asoldier,1235,235
Veteran,1236,236
Regular,1237,237
student,1238,238
youth,1239,239
asoldier,1240,240
Veteran,1241,241
Regular,1242,242
student,1243,243
youth,1244,244
asoldier,1245,245
Veteran,1246,246
Regular,1247,247
student,1248,248
youth,1249,249
asoldier,1250,250
Veteran,1251,251
Regular,1252,252
student,1253,253
youth,1254,254
asoldier,1255,255
Veteran,1256,256
Veteran,1257,257
Veteran,1258,258
Veteran,1259,259
Regular,1260,260
student,1261,261
youth,1262,262
asoldier,1263,263
Veteran,1264,264
Veteran,1265,265
asoldier,1266,266
Veteran,1267,267
Regular,1268,268
student,1269,269
youth,1270,270
asoldier,1271,271
Veteran,1272,272
Regular,1273,273
student,1274,274
youth,1275,275
asoldier,1276,276
Veteran,1277,277
Regular,1278,278
student,1279,279
youth,1280,280
asoldier,1281,281
Veteran,1282,282
Regular,1283,283
student,1284,284
youth,1285,285
asoldier,1286,286
Veteran,1287,287
Veteran,1288,288
Regular,1289,289
student,1290,290
youth,1291,291
asoldier,1292,292
Veteran,1293,293
Veteran,1294,294
Regular,1295,295
student,1296,296
youth,1297,297
asoldier,1298,298
Veteran,1299,299
Regular,1300,300
student,1301,301
youth,1302,302
asoldier,1303,303
Veteran,1304,304
Regular,1305,305
student,1306,306
youth,1307,307
asoldier,1308,308
Veteran,1309,309
Regular,1310,310
student,1311,311
youth,1312,312
asoldier,1313,313
Veteran,1314,314
Regular,1315,315
student,1316,316
youth,1317,317
asoldier,1318,318
Veteran,1319,319
Regular,1320,320
student,1321,321
youth,1322,322
asoldier,1323,323
Veteran,1324,324
Regular,1325,325
student,1326,326
youth,1327,327
asoldier,1328,328
Veteran,1329,329
Regular,1330,330
student,1331,331
youth,1332,332
asoldier,1333,333
Veteran,1334,334
Regular,1335,335
student,1336,336
youth,1337,337
asoldier,1338,338
Veteran,1339,339
Regular,1340,340
student,1341,341
youth,1342,342
asoldier,1343,343
Veteran,1344,344
Veteran,1345,345
Regular,1346,346
student,1347,347
youth,1348,348
asoldier,1349,349
Veteran,1350,350
Regular,1351,351
student,1352,352
youth,1353,353
asoldier,1354,354
Veteran,1355,355
Regular,1356,356
student,1357,357
youth,1358,358
asoldier,1359,359
Veteran,1360,360
Veteran,1361,361
Regular,1362,362
student,1363,363
youth,1364,364
asoldier,1365,365
Veteran,1366,366
Regular,1367,367
student,1368,368
youth,1369,369
asoldier,1370,370
Veteran,1371,371
Regular,1372,372
student,1373,373
youth,1374,374
asoldier,1375,375
Veteran,1376,376
Regular,1377,377
student,1378,378
youth,1379,379
asoldier,1380,380
Veteran,1381,381
Veteran,1382,382
Regular,1383,383
student,1384,384
youth,1385,385
asoldier,1386,386
Veteran,1387,387
Regular,1388,388
student,1389,389
youth,1390,390
asoldier,1391,391
Veteran,1392,392
Regular,1393,393
student,1394,394
youth,1395,395
asoldier,1396,396
Veteran,1397,397
Regular,1398,398
student,1399,399
,,
